time,open,high,low,close,volume
2022-03-18 20:00:00,2.4,2.4,2.38,2.4,12341
2022-03-18 19:59:00,2.38,2.4,2.3799,2.4,3847
2022-03-18 19:58:00,2.31,2.38,2.31,2.36,28229
2022-03-18 19:56:00,2.3,2.35,2.3,2.35,1855
2022-03-18 19:55:00,2.3,2.3,2.3,2.3,145
2022-03-18 19:54:00,2.34,2.34,2.34,2.34,100
2022-03-18 19:52:00,2.34,2.34,2.33,2.34,705
2022-03-18 19:50:00,2.34,2.34,2.34,2.34,205
2022-03-18 19:49:00,2.34,2.34,2.34,2.34,120
2022-03-18 19:47:00,2.33,2.34,2.3001,2.3001,2115
2022-03-18 19:40:00,2.34,2.34,2.34,2.34,100
2022-03-18 19:32:00,2.38,2.38,2.38,2.38,870
2022-03-18 19:31:00,2.34,2.38,2.3399,2.38,2595
2022-03-18 19:27:00,2.34,2.34,2.34,2.34,220
2022-03-18 19:26:00,2.34,2.34,2.3399,2.3399,308
2022-03-18 19:24:00,2.32,2.34,2.32,2.34,1402
2022-03-18 19:23:00,2.34,2.34,2.34,2.34,744
2022-03-18 19:22:00,2.3,2.31,2.3,2.31,556
2022-03-18 19:16:00,2.3,2.3,2.3,2.3,235
2022-03-18 19:12:00,2.3,2.3,2.3,2.3,265
2022-03-18 19:11:00,2.2999,2.2999,2.2999,2.2999,325
2022-03-18 19:04:00,2.25,2.25,2.25,2.25,300
2022-03-18 19:01:00,2.31,2.31,2.25,2.25,770
2022-03-18 18:57:00,2.32,2.32,2.32,2.32,230
2022-03-18 18:52:00,2.34,2.34,2.34,2.34,210
2022-03-18 18:51:00,2.34,2.34,2.34,2.34,235
2022-03-18 18:50:00,2.27,2.27,2.27,2.27,325
2022-03-18 18:49:00,2.26,2.26,2.26,2.26,390
2022-03-18 18:48:00,2.25,2.25,2.25,2.25,149
2022-03-18 18:46:00,2.25,2.25,2.25,2.25,500
2022-03-18 18:45:00,2.24,2.24,2.24,2.24,368
2022-03-18 18:41:00,2.22,2.22,2.22,2.22,292
2022-03-18 18:38:00,2.25,2.25,2.25,2.25,100
2022-03-18 18:36:00,2.22,2.22,2.22,2.22,311
2022-03-18 18:35:00,2.25,2.25,2.25,2.25,729
2022-03-18 18:32:00,2.25,2.25,2.25,2.25,776
2022-03-18 18:30:00,2.25,2.25,2.25,2.25,300
2022-03-18 18:29:00,2.25,2.25,2.25,2.25,1500
2022-03-18 18:28:00,2.25,2.25,2.25,2.25,302
2022-03-18 18:25:00,2.29,2.29,2.29,2.29,343
2022-03-18 18:18:00,2.22,2.22,2.22,2.22,201
2022-03-18 18:16:00,2.23,2.23,2.22,2.22,1000
2022-03-18 18:07:00,2.26,2.26,2.21,2.21,9632
2022-03-18 18:06:00,2.31,2.31,2.29,2.29,4167
2022-03-18 18:04:00,2.35,2.35,2.3499,2.3499,2000
2022-03-18 18:00:00,2.35,2.35,2.35,2.35,300
2022-03-18 17:58:00,2.39,2.39,2.39,2.39,407
2022-03-18 17:57:00,2.33,2.39,2.33,2.39,2097
2022-03-18 17:56:00,2.3,2.3,2.3,2.3,512
2022-03-18 17:55:00,2.3,2.3,2.3,2.3,1234
2022-03-18 17:54:00,2.29,2.29,2.29,2.29,100
2022-03-18 17:53:00,2.29,2.29,2.29,2.29,400
2022-03-18 17:50:00,2.27,2.28,2.27,2.28,3980
2022-03-18 17:49:00,2.26,2.26,2.26,2.26,495
2022-03-18 17:43:00,2.27,2.27,2.27,2.27,5101
2022-03-18 17:38:00,2.24,2.24,2.24,2.24,1550
2022-03-18 17:32:00,2.27,2.27,2.27,2.27,500
2022-03-18 17:31:00,2.25,2.25,2.25,2.25,220
2022-03-18 17:26:00,2.23,2.25,2.23,2.25,3461
2022-03-18 17:21:00,2.22,2.22,2.22,2.22,900
2022-03-18 17:19:00,2.27,2.27,2.27,2.27,345
2022-03-18 17:18:00,2.27,2.27,2.27,2.27,516
2022-03-18 17:12:00,2.27,2.27,2.27,2.27,100
2022-03-18 17:09:00,2.22,2.22,2.22,2.22,1312
2022-03-18 17:08:00,2.22,2.22,2.22,2.22,1000
2022-03-18 17:07:00,2.23,2.23,2.21,2.21,3223
2022-03-18 17:04:00,2.25,2.29,2.25,2.29,2480
2022-03-18 17:00:00,2.29,2.29,2.29,2.29,1551
2022-03-18 16:59:00,2.27,2.27,2.27,2.27,177
2022-03-18 16:56:00,2.29,2.29,2.29,2.29,501
2022-03-18 16:55:00,2.32,2.33,2.32,2.33,5100
2022-03-18 16:54:00,2.32,2.33,2.32,2.3299,9542
2022-03-18 16:53:00,2.24,2.33,2.24,2.33,21046
2022-03-18 16:52:00,2.24,2.24,2.24,2.24,502
2022-03-18 16:51:00,2.24,2.25,2.24,2.25,200
2022-03-18 16:49:00,2.22,2.22,2.22,2.22,221
2022-03-18 16:47:00,2.22,2.22,2.22,2.22,7029
2022-03-18 16:45:00,2.22,2.22,2.22,2.22,2330
2022-03-18 16:44:00,2.24,2.24,2.22,2.22,7500
2022-03-18 16:43:00,2.25,2.25,2.25,2.25,575
2022-03-18 16:42:00,2.28,2.28,2.28,2.28,171
2022-03-18 16:41:00,2.25,2.29,2.25,2.29,3646
2022-03-18 16:39:00,2.24,2.26,2.24,2.26,5125
2022-03-18 16:38:00,2.24,2.24,2.22,2.23,1400
2022-03-18 16:37:00,2.24,2.24,2.22,2.24,4491
2022-03-18 16:36:00,2.27,2.29,2.26,2.27,4100
2022-03-18 16:35:00,2.23,2.24,2.23,2.24,5810
2022-03-18 16:34:00,2.23,2.24,2.21,2.23,8612
2022-03-18 16:33:00,2.25,2.25,2.24,2.24,518
2022-03-18 16:32:00,2.26,2.28,2.25,2.25,2611
2022-03-18 16:31:00,2.25,2.3,2.25,2.3,2339
2022-03-18 16:30:00,2.3,2.3,2.3,2.3,1031
2022-03-18 16:29:00,2.32,2.32,2.29,2.3,5278
2022-03-18 16:28:00,2.28,2.31,2.28,2.31,7983
2022-03-18 16:27:00,2.31,2.31,2.27,2.28,2525
2022-03-18 16:26:00,2.33,2.33,2.3,2.3,2240
2022-03-18 16:25:00,2.34,2.34,2.31,2.32,5608
2022-03-18 16:24:00,2.3501,2.3501,2.3199,2.3199,4997
2022-03-18 16:23:00,2.34,2.37,2.33,2.33,3259
2022-03-18 16:22:00,2.37,2.4,2.32,2.34,8548
2022-03-18 16:21:00,2.46,2.48,2.37,2.4,10461
2022-03-18 16:20:00,2.47,2.5,2.42,2.46,16517
2022-03-18 16:19:00,2.46,2.47,2.4,2.47,10663
2022-03-18 16:18:00,2.36,2.48,2.35,2.48,51560
2022-03-18 16:17:00,2.3,2.38,2.2999,2.33,20004
2022-03-18 16:16:00,2.28,2.3,2.28,2.3,1103
2022-03-18 16:15:00,2.38,2.38,2.25,2.32,9529
2022-03-18 16:14:00,2.4,2.43,2.27,2.3799,38324
2022-03-18 16:13:00,2.37,2.52,2.29,2.52,18297
2022-03-18 16:12:00,2.26,2.4,2.26,2.4,16150
2022-03-18 16:11:00,2.24,2.29,2.2,2.27,811
2022-03-18 16:10:00,2.03,2.2,2.03,2.2,2634
2022-03-18 16:09:00,2.0,2.02,2.0,2.02,4780
2022-03-18 16:06:00,2.0,2.0,2.0,2.0,100
2022-03-18 16:00:00,1.96,1.96,1.96,1.96,208
2022-03-18 15:57:00,1.95,2.0,1.95,2.0,251
2022-03-18 15:54:00,2.0,2.0,1.92,1.92,2050
2022-03-18 15:52:00,2.015,2.015,2.01,2.01,399
2022-03-18 15:49:00,2.01,2.0173,2.01,2.0173,450
2022-03-18 15:48:00,1.9901,2.02,1.9901,2.02,1157
2022-03-18 15:47:00,2.01,2.01,2.0094,2.0094,1155
2022-03-18 15:46:00,1.9888,2.01,1.9888,2.01,5284
2022-03-18 15:45:00,1.975,1.98,1.975,1.98,400
2022-03-18 15:44:00,1.99,1.99,1.98,1.98,350
2022-03-18 15:43:00,1.95,1.95,1.95,1.95,100
2022-03-18 15:41:00,1.955,1.955,1.955,1.955,3500
2022-03-18 15:39:00,1.9784,1.9784,1.9784,1.9784,450
2022-03-18 15:36:00,1.95,1.95,1.95,1.95,1400
2022-03-18 15:35:00,1.954,1.99,1.954,1.9899,5313
2022-03-18 15:34:00,1.945,1.945,1.945,1.945,938
2022-03-18 15:32:00,1.98,1.99,1.9055,1.9055,5950
2022-03-18 15:29:00,2.0,2.0,2.0,2.0,286
2022-03-18 15:28:00,1.9865,1.99,1.98,1.99,852
2022-03-18 15:27:00,1.97,1.99,1.935,1.99,1012
2022-03-18 15:26:00,1.95,1.96,1.88,1.95,1325
2022-03-18 15:25:00,1.9557,1.9557,1.9557,1.9557,112
2022-03-18 15:24:00,1.9811,1.9811,1.98,1.98,1160
2022-03-18 15:23:00,1.99,2.0,1.99,2.0,2058
2022-03-18 15:22:00,1.915,1.9844,1.915,1.9539,2725
2022-03-18 15:21:00,1.89,1.95,1.89,1.95,17753
2022-03-18 15:20:00,1.9065,1.9065,1.86,1.88,5800
2022-03-18 15:19:00,1.8627,1.8627,1.8627,1.8627,1593
2022-03-18 15:15:00,1.9199,1.9199,1.9199,1.9199,14000
2022-03-18 15:13:00,1.91,1.91,1.91,1.91,400
2022-03-18 15:05:00,1.9,1.9,1.9,1.9,215
2022-03-18 14:57:00,1.91,1.91,1.91,1.91,100
2022-03-18 14:55:00,1.88,1.88,1.88,1.88,100
2022-03-18 14:54:00,1.88,1.89,1.87,1.87,2755
2022-03-18 14:53:00,1.85,1.87,1.84,1.87,3243
2022-03-18 14:51:00,1.84,1.84,1.84,1.84,100
2022-03-18 14:50:00,1.845,1.86,1.83,1.86,7400
2022-03-18 14:49:00,1.8599,1.86,1.845,1.86,5706
2022-03-18 14:48:00,1.8599,1.8599,1.83,1.83,5500
2022-03-18 14:40:00,1.8319,1.8319,1.8319,1.8319,1716
2022-03-18 14:37:00,1.84,1.84,1.83,1.83,531
2022-03-18 14:36:00,1.84,1.84,1.84,1.84,100
2022-03-18 14:32:00,1.855,1.855,1.855,1.855,219
2022-03-18 14:30:00,1.8664,1.8664,1.8664,1.8664,326
2022-03-18 14:12:00,1.84,1.8416,1.84,1.8416,1500
2022-03-18 14:11:00,1.854,1.854,1.85,1.85,899
2022-03-18 14:09:00,1.87,1.87,1.87,1.87,400
2022-03-18 14:04:00,1.881,1.89,1.88,1.89,5000
2022-03-18 13:56:00,1.895,1.91,1.895,1.91,1105
2022-03-18 13:55:00,1.88,1.8807,1.88,1.8807,795
2022-03-18 13:48:00,1.885,1.885,1.885,1.885,150
2022-03-18 13:45:00,1.89,1.89,1.89,1.89,1210
2022-03-18 13:42:00,1.895,1.9082,1.895,1.9082,2903
2022-03-18 13:40:00,1.8999,1.8999,1.8999,1.8999,1000
2022-03-18 13:34:00,1.9,1.9,1.9,1.9,200
2022-03-18 13:29:00,1.891,1.8999,1.891,1.8999,238
2022-03-18 13:21:00,1.9,1.9,1.9,1.9,200
2022-03-18 13:13:00,1.885,1.89,1.885,1.89,700
2022-03-18 13:12:00,1.8991,1.8991,1.8991,1.8991,150
2022-03-18 13:07:00,1.865,1.865,1.865,1.865,750
2022-03-18 12:57:00,1.86,1.86,1.86,1.86,100
2022-03-18 12:55:00,1.83,1.83,1.83,1.83,1346
2022-03-18 12:53:00,1.88,1.881,1.88,1.881,3701
2022-03-18 12:42:00,1.9,1.9,1.9,1.9,150
2022-03-18 12:40:00,1.905,1.925,1.905,1.92,10150
2022-03-18 12:39:00,1.9,1.9,1.9,1.9,111
2022-03-18 12:38:00,1.88,1.88,1.88,1.88,110
2022-03-18 12:37:00,1.88,1.88,1.88,1.88,103
2022-03-18 12:24:00,1.8501,1.8501,1.8501,1.8501,499
2022-03-18 12:17:00,1.9,1.9,1.81,1.8336,3122
2022-03-18 12:16:00,1.91,1.95,1.91,1.9396,3957
2022-03-18 12:15:00,1.91,1.91,1.88,1.9,548
2022-03-18 12:13:00,1.87,1.92,1.87,1.88,5940
2022-03-18 11:58:00,1.85,1.85,1.85,1.85,100
2022-03-18 11:57:00,1.8558,1.8558,1.8558,1.8558,200
2022-03-18 11:56:00,1.8866,1.8866,1.8866,1.8866,300
2022-03-18 11:52:00,1.8887,1.8887,1.85,1.85,250
2022-03-18 11:44:00,1.85,1.85,1.85,1.85,100
2022-03-18 11:34:00,1.8215,1.8215,1.8215,1.8215,110
2022-03-18 11:32:00,1.89,1.89,1.8885,1.8885,300
2022-03-18 11:25:00,1.89,1.89,1.89,1.89,2141
2022-03-18 11:11:00,1.85,1.85,1.82,1.82,1540
2022-03-18 11:09:00,1.83,1.83,1.83,1.83,132
2022-03-18 11:03:00,1.83,1.83,1.83,1.83,300
2022-03-18 11:00:00,1.8421,1.8421,1.8421,1.8421,110
2022-03-18 10:54:00,1.81,1.81,1.81,1.81,110
2022-03-18 10:53:00,1.8462,1.8462,1.8462,1.8462,638
2022-03-18 10:44:00,1.84,1.84,1.84,1.84,200
2022-03-18 10:39:00,1.815,1.84,1.815,1.84,1606
2022-03-18 10:34:00,1.8385,1.8385,1.8385,1.8385,500
2022-03-18 10:23:00,1.8465,1.8465,1.8465,1.8465,1016
2022-03-18 10:14:00,1.8115,1.8115,1.8115,1.8115,100
2022-03-18 10:12:00,1.84,1.84,1.84,1.84,800
2022-03-18 10:05:00,1.8883,1.8883,1.8883,1.8883,250
2022-03-18 10:04:00,1.89,1.89,1.89,1.89,200
2022-03-18 10:03:00,1.8772,1.8772,1.8772,1.8772,215
2022-03-18 10:02:00,1.87,1.87,1.82,1.82,200
2022-03-18 09:51:00,1.79,1.79,1.79,1.79,450
2022-03-18 09:31:00,1.73,1.76,1.73,1.76,264
2022-03-17 16:00:00,1.75,1.76,1.75,1.75,380
2022-03-17 15:23:00,1.74,1.75,1.74,1.75,385
2022-03-17 15:20:00,1.7479,1.7479,1.7479,1.7479,100
2022-03-17 15:16:00,1.72,1.72,1.72,1.72,362
2022-03-17 15:14:00,1.735,1.735,1.735,1.735,121
2022-03-17 15:13:00,1.75,1.75,1.75,1.75,401
2022-03-17 14:59:00,1.7747,1.7747,1.7747,1.7747,200
2022-03-17 14:58:00,1.7747,1.7999,1.7747,1.7999,600
2022-03-17 14:57:00,1.7994,1.7994,1.7994,1.7994,800
2022-03-17 14:52:00,1.7929,1.7929,1.7929,1.7929,501
2022-03-17 14:51:00,1.7929,1.7929,1.7929,1.7929,500
2022-03-17 14:49:00,1.8,1.8,1.8,1.8,100
2022-03-17 14:48:00,1.8,1.8,1.72,1.72,1477
2022-03-17 14:31:00,1.79,1.79,1.79,1.79,1000
2022-03-17 14:27:00,1.8099,1.8099,1.8099,1.8099,1500
2022-03-17 14:02:00,1.81,1.81,1.81,1.81,100
2022-03-17 13:55:00,1.815,1.815,1.815,1.815,100
2022-03-17 13:52:00,1.79,1.8,1.79,1.8,678
2022-03-17 13:41:00,1.78,1.78,1.78,1.78,180
2022-03-17 13:40:00,1.78,1.78,1.78,1.78,352
2022-03-17 13:30:00,1.801,1.801,1.801,1.801,105
2022-03-17 13:17:00,1.8265,1.8265,1.82,1.82,700
2022-03-17 13:02:00,1.7853,1.7853,1.7853,1.7853,469
2022-03-17 12:58:00,1.85,1.85,1.85,1.85,500
2022-03-17 12:53:00,1.8596,1.8596,1.8596,1.8596,200
2022-03-17 12:07:00,1.78,1.78,1.78,1.78,501
2022-03-17 11:44:00,1.79,1.79,1.79,1.79,100
2022-03-17 11:40:00,1.78,1.78,1.78,1.78,138
2022-03-17 11:25:00,1.8162,1.8162,1.8,1.81,648
2022-03-17 11:24:00,1.79,1.84,1.79,1.8365,1673
2022-03-17 11:12:00,1.7821,1.7821,1.7821,1.7821,100
2022-03-17 11:09:00,1.79,1.79,1.79,1.79,301
2022-03-17 11:08:00,1.8,1.8,1.78,1.79,1944
2022-03-17 10:38:00,1.85,1.8501,1.85,1.8501,574
2022-03-17 10:37:00,1.865,1.865,1.851,1.851,5250
2022-03-17 10:35:00,1.8441,1.8441,1.8441,1.8441,500
2022-03-17 10:27:00,1.9,1.9,1.9,1.9,125
2022-03-17 10:24:00,1.83,1.83,1.83,1.83,100
2022-03-17 10:19:00,1.9,1.9,1.9,1.9,200
2022-03-17 10:17:00,1.86,1.86,1.86,1.86,500
2022-03-17 10:16:00,1.83,1.83,1.82,1.82,829
2022-03-17 10:15:00,1.89,1.91,1.81,1.81,1110
2022-03-17 10:06:00,1.89,1.92,1.89,1.91,1213
2022-03-17 10:05:00,1.84,1.88,1.84,1.88,448
2022-03-17 09:58:00,1.77,1.78,1.77,1.78,1167
2022-03-17 09:33:00,1.77,1.77,1.77,1.77,100
2022-03-17 09:31:00,1.8,1.8,1.78,1.78,653
2022-03-17 08:02:00,1.71,1.71,1.71,1.71,100
2022-03-16 18:39:00,1.81,1.81,1.81,1.81,250
2022-03-16 18:19:00,1.81,1.81,1.81,1.81,125
2022-03-16 16:00:00,1.8,1.8,1.8,1.8,170
2022-03-16 15:59:00,1.77,1.8,1.77,1.7898,2037
2022-03-16 15:52:00,1.7565,1.7565,1.7565,1.7565,105
2022-03-16 15:39:00,1.7799,1.7899,1.77,1.7899,3142
2022-03-16 15:21:00,1.75,1.75,1.75,1.75,498
2022-03-16 15:17:00,1.73,1.73,1.73,1.73,200
2022-03-16 15:09:00,1.7001,1.73,1.7001,1.73,1600
2022-03-16 15:07:00,1.7,1.7,1.7,1.7,502
2022-03-16 15:00:00,1.7099,1.71,1.7099,1.71,1606
2022-03-16 13:36:00,1.71,1.71,1.7,1.7,610
2022-03-16 13:25:00,1.685,1.685,1.685,1.685,245
2022-03-16 13:23:00,1.695,1.695,1.695,1.695,109
2022-03-16 13:22:00,1.71,1.71,1.63,1.65,4291
2022-03-16 12:52:00,1.7101,1.7101,1.7101,1.7101,140
2022-03-16 12:34:00,1.7464,1.7464,1.7464,1.7464,370
2022-03-16 12:00:00,1.7142,1.7142,1.7142,1.7142,394
2022-03-16 11:50:00,1.73,1.73,1.73,1.73,1000
2022-03-16 11:45:00,1.71,1.71,1.71,1.71,100
2022-03-16 11:44:00,1.75,1.75,1.75,1.75,983
2022-03-16 11:28:00,1.73,1.73,1.73,1.73,101
2022-03-16 11:22:00,1.73,1.73,1.73,1.73,100
2022-03-16 11:21:00,1.73,1.73,1.73,1.73,400
2022-03-16 11:12:00,1.7499,1.7499,1.7499,1.7499,2610
2022-03-16 10:56:00,1.75,1.75,1.75,1.75,112
2022-03-16 10:45:00,1.74,1.74,1.74,1.74,283
2022-03-16 10:44:00,1.755,1.755,1.74,1.74,1325
2022-03-16 10:37:00,1.77,1.77,1.76,1.76,1200
2022-03-16 10:36:00,1.765,1.765,1.765,1.765,1000
2022-03-16 10:35:00,1.7545,1.7545,1.7545,1.7545,201
2022-03-16 10:31:00,1.78,1.78,1.78,1.78,101
2022-03-16 10:30:00,1.75,1.75,1.75,1.75,403
2022-03-16 10:29:00,1.7299,1.75,1.7299,1.75,1600
2022-03-16 10:28:00,1.7334,1.735,1.73,1.73,2661
2022-03-16 10:27:00,1.76,1.76,1.73,1.73,2756
2022-03-16 10:26:00,1.74,1.74,1.74,1.74,1000
2022-03-16 10:16:00,1.75,1.75,1.75,1.75,200
2022-03-16 10:03:00,1.75,1.75,1.75,1.75,200
2022-03-16 09:47:00,1.74,1.74,1.74,1.74,1100
2022-03-16 09:46:00,1.73,1.75,1.73,1.75,200
2022-03-16 09:44:00,1.725,1.725,1.725,1.725,1000
2022-03-16 09:43:00,1.73,1.73,1.7001,1.7001,2300
2022-03-16 09:36:00,1.725,1.75,1.725,1.725,3000
2022-03-16 09:35:00,1.725,1.725,1.725,1.725,100
2022-03-16 09:32:00,1.705,1.705,1.705,1.705,200
2022-03-16 09:31:00,1.7,1.7,1.7,1.7,296
2022-03-16 08:50:00,1.82,1.83,1.82,1.83,300
2022-03-16 08:01:00,1.74,1.74,1.74,1.74,495
2022-03-15 18:55:00,1.74,1.74,1.74,1.74,100
2022-03-15 18:51:00,1.71,1.71,1.71,1.71,300
2022-03-15 16:00:00,1.63,1.63,1.63,1.63,377
2022-03-15 15:56:00,1.645,1.645,1.645,1.645,112
2022-03-15 15:55:00,1.645,1.66,1.645,1.66,1206
2022-03-15 15:54:00,1.6599,1.6599,1.6599,1.6599,1205
2022-03-15 15:49:00,1.63,1.63,1.63,1.63,242
2022-03-15 15:24:00,1.63,1.63,1.63,1.63,1000
2022-03-15 15:20:00,1.63,1.63,1.63,1.63,1000
2022-03-15 15:06:00,1.61,1.61,1.61,1.61,125
2022-03-15 15:02:00,1.61,1.63,1.61,1.61,726
2022-03-15 14:47:00,1.6573,1.6573,1.6573,1.6573,2000
2022-03-15 14:41:00,1.622,1.622,1.622,1.622,450
2022-03-15 14:38:00,1.656,1.656,1.656,1.656,588
2022-03-15 14:01:00,1.6134,1.6134,1.6134,1.6134,490
2022-03-15 13:59:00,1.63,1.63,1.61,1.61,680
2022-03-15 13:55:00,1.63,1.63,1.63,1.63,1052
2022-03-15 13:53:00,1.63,1.63,1.63,1.63,295
2022-03-15 13:51:00,1.63,1.64,1.63,1.64,700
2022-03-15 13:34:00,1.63,1.63,1.63,1.63,100
2022-03-15 13:33:00,1.63,1.63,1.63,1.63,308
2022-03-15 13:23:00,1.61,1.61,1.61,1.61,100
2022-03-15 13:10:00,1.6156,1.644,1.6156,1.644,900
2022-03-15 13:00:00,1.65,1.65,1.64,1.64,2371
2022-03-15 12:58:00,1.65,1.65,1.65,1.65,395
2022-03-15 12:43:00,1.7014,1.7014,1.7014,1.7014,123
2022-03-15 12:36:00,1.66,1.66,1.66,1.66,100
2022-03-15 12:07:00,1.6805,1.6805,1.68,1.6805,1000
2022-03-15 12:06:00,1.71,1.71,1.6805,1.6805,2401
2022-03-15 12:05:00,1.6701,1.74,1.67,1.74,3502
2022-03-15 12:04:00,1.67,1.6701,1.66,1.6701,4170
2022-03-15 12:03:00,1.67,1.67,1.67,1.67,804
2022-03-15 12:02:00,1.6501,1.67,1.6501,1.67,386
2022-03-15 11:57:00,1.67,1.67,1.67,1.67,1322
2022-03-15 11:52:00,1.67,1.67,1.67,1.67,200
2022-03-15 11:39:00,1.67,1.67,1.67,1.67,1000
2022-03-15 11:34:00,1.65,1.65,1.65,1.65,500
2022-03-15 11:23:00,1.66,1.66,1.66,1.66,1199
2022-03-15 11:16:00,1.69,1.69,1.69,1.69,100
2022-03-15 11:08:00,1.675,1.69,1.675,1.69,1238
2022-03-15 11:07:00,1.6899,1.6899,1.6899,1.6899,2000
2022-03-15 10:57:00,1.66,1.66,1.66,1.66,200
2022-03-15 10:55:00,1.67,1.67,1.66,1.66,811
2022-03-15 10:51:00,1.67,1.67,1.67,1.67,200
2022-03-15 10:39:00,1.675,1.675,1.675,1.675,475
2022-03-15 10:36:00,1.675,1.675,1.675,1.675,269
2022-03-15 10:26:00,1.6627,1.6627,1.6627,1.6627,166
2022-03-15 10:24:00,1.66,1.66,1.66,1.66,100
2022-03-15 10:23:00,1.66,1.66,1.66,1.66,742
2022-03-15 10:10:00,1.6601,1.6601,1.6601,1.6601,117
2022-03-15 10:08:00,1.67,1.71,1.66,1.66,400
2022-03-15 09:58:00,1.68,1.68,1.68,1.68,300
2022-03-15 09:50:00,1.68,1.68,1.68,1.68,136
2022-03-15 09:34:00,1.6863,1.6863,1.6863,1.6863,900
2022-03-15 09:32:00,1.66,1.66,1.65,1.65,301
2022-03-15 09:31:00,1.66,1.7,1.66,1.7,1270
2022-03-14 16:00:00,1.66,1.66,1.66,1.66,419
2022-03-14 15:57:00,1.74,1.74,1.74,1.74,543
2022-03-14 15:56:00,1.75,1.75,1.75,1.75,400
2022-03-14 15:06:00,1.7526,1.7526,1.7526,1.7526,101
2022-03-14 15:01:00,1.67,1.67,1.66,1.66,502
2022-03-14 14:51:00,1.725,1.725,1.725,1.725,540
2022-03-14 14:46:00,1.76,1.76,1.76,1.76,500
2022-03-14 14:27:00,1.725,1.73,1.6501,1.6767,9651
2022-03-14 14:26:00,1.72,1.76,1.65,1.65,54281
2022-03-14 14:12:00,1.7998,1.7998,1.7998,1.7998,1322
2022-03-14 13:57:00,1.7587,1.7587,1.7587,1.7587,110
2022-03-14 13:39:00,1.71,1.72,1.71,1.72,1264
2022-03-14 13:26:00,1.79,1.79,1.7185,1.7185,603
2022-03-14 13:24:00,1.7101,1.7101,1.7101,1.7101,2000
2022-03-14 13:15:00,1.755,1.755,1.755,1.755,1000
2022-03-14 13:09:00,1.74,1.74,1.74,1.74,280
2022-03-14 13:07:00,1.75,1.75,1.75,1.75,807
2022-03-14 13:06:00,1.77,1.77,1.77,1.77,1050
2022-03-14 12:35:00,1.7983,1.7983,1.7983,1.7983,200
2022-03-14 12:09:00,1.75,1.75,1.75,1.75,105
2022-03-14 12:05:00,1.7501,1.7598,1.7501,1.7598,333
2022-03-14 12:01:00,1.78,1.78,1.78,1.78,110
2022-03-14 11:55:00,1.78,1.78,1.78,1.78,100
2022-03-14 11:46:00,1.81,1.81,1.81,1.81,232
2022-03-14 11:30:00,1.8,1.8,1.8,1.8,253
2022-03-14 11:26:00,1.7999,1.7999,1.7999,1.7999,600
2022-03-14 11:10:00,1.79,1.79,1.7817,1.7817,300
2022-03-14 11:09:00,1.83,1.83,1.83,1.83,2000
2022-03-14 10:54:00,1.8,1.8,1.8,1.8,100
2022-03-14 10:45:00,1.8,1.81,1.8,1.8,6277
2022-03-14 10:39:00,1.81,1.81,1.81,1.81,252
2022-03-14 10:35:00,1.85,1.85,1.85,1.85,117
2022-03-14 10:33:00,1.8159,1.8159,1.8159,1.8159,3002
2022-03-14 10:32:00,1.825,1.825,1.825,1.825,148
2022-03-14 10:11:00,1.85,1.85,1.85,1.85,151
2022-03-14 10:02:00,1.8133,1.8133,1.8133,1.8133,200
2022-03-14 09:57:00,1.86,1.86,1.85,1.851,5404
2022-03-14 09:48:00,1.8566,1.8566,1.8566,1.8566,200
2022-03-14 09:47:00,1.9,1.9,1.9,1.9,120
2022-03-14 09:44:00,1.9,1.9,1.9,1.9,300
2022-03-14 09:43:00,1.86,1.86,1.86,1.86,100
2022-03-14 09:39:00,1.875,1.875,1.875,1.875,200
2022-03-14 09:38:00,1.9,1.9,1.9,1.9,101
2022-03-14 09:37:00,1.8638,1.8638,1.8638,1.8638,125
2022-03-14 09:34:00,1.8641,1.8641,1.8641,1.8641,193
2022-03-14 09:31:00,1.95,1.95,1.95,1.95,719
2022-03-14 09:30:00,1.95,1.95,1.95,1.95,100
2022-03-14 09:27:00,1.89,1.89,1.89,1.89,555
2022-03-14 09:26:00,1.94,1.94,1.94,1.94,119
2022-03-14 08:54:00,1.85,1.85,1.85,1.85,200
2022-03-14 07:50:00,1.86,1.86,1.85,1.85,400
2022-03-11 19:37:00,2.0,2.0,2.0,2.0,200
2022-03-11 16:00:00,1.9,1.9,1.9,1.9,209
2022-03-11 15:59:00,1.895,1.9,1.895,1.9,5210
2022-03-11 15:57:00,1.92,1.92,1.92,1.92,400
2022-03-11 15:56:00,1.9,1.92,1.84,1.84,1167
2022-03-11 15:55:00,1.87,1.91,1.87,1.91,967
2022-03-11 15:53:00,1.9,1.9,1.9,1.9,861
2022-03-11 15:52:00,1.8963,1.8963,1.8963,1.8963,480
2022-03-11 15:43:00,1.815,1.815,1.815,1.815,3100
2022-03-11 15:41:00,1.815,1.815,1.7956,1.7956,2000
2022-03-11 15:37:00,1.9,1.9,1.9,1.9,400
2022-03-11 15:33:00,1.92,1.92,1.92,1.92,400
2022-03-11 15:32:00,1.89,1.89,1.81,1.81,792
2022-03-11 15:31:00,1.86,1.88,1.86,1.88,600
2022-03-11 15:30:00,1.84,1.85,1.83,1.84,925
2022-03-11 15:29:00,1.81,1.85,1.7596,1.84,1924
2022-03-11 15:26:00,1.8676,1.8676,1.8676,1.8676,100
2022-03-11 15:23:00,1.875,1.875,1.8189,1.8189,1001
2022-03-11 15:22:00,1.8588,1.8588,1.8189,1.8189,2500
2022-03-11 15:20:00,1.9153,1.9153,1.86,1.862,5400
2022-03-11 15:18:00,1.9,1.9,1.8629,1.8629,2000
2022-03-11 15:16:00,1.88,1.95,1.88,1.93,28393
2022-03-11 15:15:00,1.7964,1.91,1.78,1.91,50480
2022-03-11 15:14:00,1.72,1.79,1.7,1.79,990
2022-03-11 15:12:00,1.66,1.66,1.65,1.65,300
2022-03-11 15:07:00,1.715,1.715,1.715,1.715,109
2022-03-11 15:01:00,1.7,1.7,1.7,1.7,150
2022-03-11 14:58:00,1.61,1.7,1.61,1.7,805
2022-03-11 14:52:00,1.695,1.695,1.61,1.61,1100
2022-03-11 14:50:00,1.698,1.698,1.698,1.698,200
2022-03-11 14:34:00,1.69,1.69,1.69,1.69,100
2022-03-11 13:57:00,1.74,1.74,1.74,1.74,450
2022-03-11 13:46:00,1.7697,1.7697,1.7697,1.7697,1000
2022-03-11 13:26:00,1.71,1.71,1.71,1.71,100
2022-03-11 13:24:00,1.6824,1.6824,1.6824,1.6824,100
2022-03-11 13:22:00,1.71,1.71,1.71,1.71,211
2022-03-11 13:15:00,1.69,1.69,1.69,1.69,211
2022-03-11 13:12:00,1.68,1.68,1.68,1.68,382
2022-03-11 13:11:00,1.66,1.66,1.66,1.66,110
2022-03-11 13:10:00,1.63,1.66,1.61,1.66,3209
2022-03-11 13:09:00,1.7,1.715,1.65,1.65,21286
2022-03-11 12:39:00,1.7,1.7,1.7,1.7,199
2022-03-11 12:38:00,1.715,1.715,1.715,1.715,100
2022-03-11 11:45:00,1.7,1.7,1.7,1.7,200
2022-03-11 11:43:00,1.75,1.75,1.75,1.75,300
2022-03-11 11:06:00,1.7,1.7,1.7,1.7,100
2022-03-11 10:29:00,1.7104,1.7104,1.7104,1.7104,215
2022-03-11 10:08:00,1.7468,1.7468,1.7468,1.7468,100
2022-03-11 10:07:00,1.74,1.74,1.74,1.74,358
2022-03-11 10:01:00,1.74,1.74,1.74,1.74,400
2022-03-11 09:54:00,1.745,1.745,1.745,1.745,101
2022-03-10 15:55:00,1.73,1.73,1.73,1.73,150
2022-03-10 15:52:00,1.76,1.76,1.76,1.76,165
2022-03-10 15:25:00,1.72,1.72,1.72,1.72,100
2022-03-10 14:55:00,1.7899,1.7899,1.7899,1.7899,143
2022-03-10 14:45:00,1.72,1.72,1.72,1.72,100
2022-03-10 14:40:00,1.75,1.79,1.75,1.79,300
2022-03-10 14:06:00,1.75,1.75,1.75,1.75,221
2022-03-10 13:54:00,1.73,1.73,1.73,1.73,201
2022-03-10 13:45:00,1.7149,1.7149,1.7144,1.7144,583
2022-03-10 13:34:00,1.75,1.75,1.75,1.75,200
2022-03-10 13:26:00,1.71,1.71,1.71,1.71,107
2022-03-10 13:19:00,1.71,1.71,1.71,1.71,510
2022-03-10 13:05:00,1.78,1.78,1.78,1.78,100
2022-03-10 12:57:00,1.71,1.71,1.71,1.71,100
2022-03-10 12:46:00,1.71,1.71,1.71,1.71,329
2022-03-10 12:42:00,1.74,1.74,1.74,1.74,100
2022-03-10 12:30:00,1.71,1.72,1.7027,1.7027,3002
2022-03-10 12:11:00,1.75,1.75,1.75,1.75,120
2022-03-10 11:52:00,1.75,1.75,1.75,1.75,116
2022-03-10 11:35:00,1.73,1.73,1.7,1.7,1841
2022-03-10 11:21:00,1.74,1.7547,1.74,1.75,1370
2022-03-10 11:20:00,1.71,1.75,1.7,1.75,1100
2022-03-10 11:17:00,1.7827,1.7827,1.7827,1.7827,500
2022-03-10 11:15:00,1.7824,1.7824,1.7824,1.7824,500
2022-03-10 11:13:00,1.7425,1.7425,1.71,1.71,300
2022-03-10 11:07:00,1.7899,1.7899,1.74,1.74,1661
2022-03-10 10:52:00,1.8,1.8,1.8,1.8,800
2022-03-10 10:34:00,1.8099,1.8099,1.8099,1.8099,3000
2022-03-10 10:29:00,1.8099,1.8099,1.8099,1.8099,1000
2022-03-10 10:21:00,1.78,1.78,1.7799,1.7799,2000
2022-03-10 10:08:00,1.78,1.78,1.78,1.78,350
2022-03-10 10:01:00,1.7,1.77,1.7,1.77,550
2022-03-10 09:59:00,1.773,1.773,1.773,1.773,257
2022-03-10 09:41:00,1.721,1.721,1.721,1.721,1414
2022-03-10 09:31:00,1.78,1.78,1.78,1.78,161
2022-03-09 17:03:00,1.79,1.79,1.79,1.79,500
2022-03-09 16:00:00,1.7975,1.7975,1.75,1.75,2893
2022-03-09 15:58:00,1.8,1.8,1.75,1.775,3285
2022-03-09 15:53:00,1.7999,1.7999,1.7999,1.7999,2000
2022-03-09 15:52:00,1.74,1.74,1.74,1.74,100
2022-03-09 15:27:00,1.8,1.8,1.8,1.8,100
2022-03-09 15:05:00,1.72,1.72,1.72,1.72,200
2022-03-09 15:04:00,1.8,1.81,1.76,1.76,600
2022-03-09 14:47:00,1.74,1.74,1.74,1.74,200
2022-03-09 14:40:00,1.74,1.74,1.74,1.74,110
2022-03-09 14:20:00,1.82,1.83,1.82,1.83,251
2022-03-09 14:11:00,1.81,1.81,1.81,1.81,100
2022-03-09 13:53:00,1.73,1.73,1.73,1.73,1025
2022-03-09 13:51:00,1.74,1.74,1.74,1.74,100
2022-03-09 13:43:00,1.83,1.8399,1.83,1.8399,1000
2022-03-09 13:39:00,1.8799,1.8799,1.8799,1.8799,1000
2022-03-09 13:30:00,1.81,1.81,1.81,1.81,137
2022-03-09 12:58:00,1.76,1.7913,1.72,1.72,1905
2022-03-09 12:52:00,1.75,1.75,1.75,1.75,100
2022-03-09 11:55:00,1.75,1.75,1.75,1.75,142
2022-03-09 11:34:00,1.8,1.8,1.8,1.8,1000
2022-03-09 11:29:00,1.8,1.8,1.8,1.8,100
2022-03-09 11:25:00,1.8,1.8,1.8,1.8,100
2022-03-09 11:18:00,1.8,1.8,1.8,1.8,100
2022-03-09 11:08:00,1.76,1.76,1.76,1.76,100
2022-03-09 10:58:00,1.7554,1.7554,1.7554,1.7554,1110
2022-03-09 10:30:00,1.75,1.75,1.75,1.75,140
2022-03-09 10:23:00,1.8714,1.8714,1.8714,1.8714,215
2022-03-09 10:09:00,1.81,1.81,1.81,1.81,1100
2022-03-09 10:07:00,1.89,1.89,1.89,1.89,100
2022-03-09 09:55:00,1.7506,1.77,1.7506,1.77,224
2022-03-09 09:45:00,1.89,1.89,1.89,1.89,347
2022-03-08 16:44:00,1.74,1.74,1.74,1.74,507
2022-03-08 16:00:00,1.74,1.74,1.73,1.73,358
2022-03-08 15:52:00,1.73,1.73,1.73,1.73,100
2022-03-08 15:41:00,1.78,1.79,1.78,1.79,625
2022-03-08 15:38:00,1.74,1.74,1.73,1.73,325
2022-03-08 15:34:00,1.79,1.79,1.79,1.79,450
2022-03-08 15:22:00,1.74,1.74,1.74,1.74,100
2022-03-08 15:12:00,1.74,1.792,1.73,1.73,1801
2022-03-08 15:02:00,1.81,1.81,1.81,1.81,250
2022-03-08 14:42:00,1.73,1.73,1.73,1.73,100
2022-03-08 14:02:00,1.71,1.736,1.7,1.736,7000
2022-03-08 13:35:00,1.71,1.71,1.71,1.71,550
2022-03-08 13:30:00,1.745,1.745,1.71,1.71,300
2022-03-08 13:22:00,1.7629,1.7629,1.7629,1.7629,200
2022-03-08 13:08:00,1.78,1.78,1.78,1.78,100
2022-03-08 13:00:00,1.74,1.74,1.74,1.74,200
2022-03-08 12:55:00,1.7358,1.7358,1.73,1.73,496
2022-03-08 12:54:00,1.77,1.8,1.77,1.8,1690
2022-03-08 12:53:00,1.73,1.73,1.73,1.73,919
2022-03-08 12:48:00,1.71,1.71,1.7,1.7,1099
2022-03-08 12:46:00,1.71,1.71,1.71,1.71,112
2022-03-08 12:42:00,1.71,1.78,1.71,1.78,600
2022-03-08 12:39:00,1.73,1.732,1.7,1.7,1656
2022-03-08 12:37:00,1.7,1.7,1.7,1.7,100
2022-03-08 12:34:00,1.7,1.7,1.7,1.7,100
2022-03-08 12:24:00,1.81,1.81,1.81,1.81,204
2022-03-08 12:16:00,1.7139,1.73,1.7139,1.73,1610
2022-03-08 12:11:00,1.7189,1.7189,1.7189,1.7189,200
2022-03-08 12:00:00,1.74,1.74,1.74,1.74,140
2022-03-08 11:46:00,1.74,1.74,1.72,1.72,1000
2022-03-08 11:45:00,1.7515,1.7947,1.7,1.75,2205
2022-03-08 11:44:00,1.77,1.77,1.74,1.74,1210
2022-03-08 11:43:00,1.78,1.78,1.78,1.78,100
2022-03-08 11:37:00,1.73,1.73,1.73,1.73,101
2022-03-08 11:27:00,1.74,1.74,1.74,1.74,183
2022-03-08 11:11:00,1.79,1.79,1.79,1.79,432
2022-03-08 11:10:00,1.79,1.79,1.79,1.79,667
2022-03-08 11:06:00,1.83,1.83,1.75,1.75,1417
2022-03-08 11:05:00,1.74,1.75,1.7397,1.75,500
2022-03-08 11:04:00,1.74,1.74,1.73,1.7396,1990
2022-03-08 11:03:00,1.73,1.73,1.73,1.73,142
2022-03-08 10:57:00,1.7369,1.7369,1.7369,1.7369,101
2022-03-08 10:44:00,1.9141,1.9141,1.9141,1.9141,115
2022-03-08 10:42:00,1.75,1.75,1.71,1.71,1661
2022-03-08 10:41:00,1.75,1.75,1.75,1.75,1799
2022-03-08 10:37:00,1.7527,1.7527,1.75,1.75,938
2022-03-08 10:35:00,1.755,1.755,1.755,1.755,100
2022-03-08 10:28:00,1.76,1.76,1.76,1.76,500
2022-03-08 10:20:00,1.9202,1.9202,1.9202,1.9202,100
2022-03-08 10:14:00,1.83,1.83,1.83,1.83,1045
2022-03-08 10:11:00,1.9712,1.9712,1.9712,1.9712,100
2022-03-08 10:05:00,1.87,1.87,1.87,1.87,150
2022-03-08 10:03:00,1.75,1.75,1.75,1.75,102
2022-03-08 10:02:00,1.7607,1.7607,1.75,1.75,200
2022-03-08 09:53:00,1.75,1.75,1.75,1.75,1080
2022-03-08 09:49:00,1.752,1.76,1.752,1.76,1181
2022-03-08 09:44:00,1.7953,1.7953,1.7953,1.7953,500
2022-03-08 09:43:00,1.76,1.76,1.76,1.76,100
2022-03-08 09:40:00,1.75,1.75,1.75,1.75,1351
2022-03-08 09:36:00,1.795,1.795,1.75,1.75,1151
2022-03-08 09:35:00,1.828,1.828,1.828,1.828,163
2022-03-08 09:32:00,1.77,1.84,1.77,1.84,575
2022-03-08 09:31:00,1.79,1.79,1.77,1.77,1597
2022-03-08 08:34:00,1.77,1.77,1.77,1.77,100
2022-03-07 16:00:00,1.8288,1.83,1.76,1.76,356
2022-03-07 15:58:00,1.77,1.77,1.77,1.77,104
2022-03-07 15:56:00,1.76,1.76,1.76,1.76,500
2022-03-07 15:54:00,1.762,1.762,1.762,1.762,100
2022-03-07 15:52:00,1.8483,1.87,1.84,1.84,600
2022-03-07 15:18:00,1.76,1.76,1.76,1.76,100
2022-03-07 15:17:00,1.8101,1.8101,1.81,1.8101,2500
2022-03-07 15:16:00,1.77,1.8,1.77,1.8,830
2022-03-07 15:15:00,1.79,1.79,1.76,1.76,1900
2022-03-07 15:14:00,1.82,1.82,1.8001,1.8001,1900
2022-03-07 15:13:00,1.78,1.81,1.78,1.81,700
2022-03-07 15:12:00,1.77,1.79,1.77,1.78,1903
2022-03-07 15:11:00,1.8201,1.837,1.81,1.81,2200
2022-03-07 15:10:00,1.78,1.79,1.7767,1.79,1343
2022-03-07 15:09:00,1.79,1.79,1.78,1.78,1400
2022-03-07 15:02:00,1.8301,1.8301,1.82,1.82,1961
2022-03-07 15:01:00,1.769,1.81,1.769,1.81,1900
2022-03-07 14:41:00,1.7648,1.7648,1.7648,1.7648,900
2022-03-07 14:34:00,1.77,1.77,1.77,1.77,100
2022-03-07 14:31:00,1.8,1.8,1.79,1.8,500
2022-03-07 14:30:00,1.7898,1.7898,1.785,1.785,200
2022-03-07 14:27:00,1.7637,1.7637,1.7637,1.7637,1010
2022-03-07 14:26:00,1.8099,1.8099,1.8099,1.8099,1000
2022-03-07 14:08:00,1.75,1.75,1.75,1.75,100
2022-03-07 13:47:00,1.81,1.81,1.81,1.81,257
2022-03-07 13:40:00,1.73,1.73,1.73,1.73,100
2022-03-07 13:34:00,1.73,1.73,1.73,1.73,100
2022-03-07 13:31:00,1.73,1.73,1.725,1.725,1500
2022-03-07 13:26:00,1.7327,1.7327,1.7327,1.7327,550
2022-03-07 13:24:00,1.745,1.745,1.745,1.745,271
2022-03-07 13:03:00,1.71,1.71,1.71,1.71,100
2022-03-07 13:02:00,1.76,1.76,1.76,1.76,2000
2022-03-07 12:53:00,1.77,1.77,1.745,1.745,500
2022-03-07 12:41:00,1.72,1.72,1.72,1.72,100
2022-03-07 12:37:00,1.71,1.71,1.71,1.71,300
2022-03-07 12:35:00,1.71,1.71,1.71,1.71,100
2022-03-07 12:33:00,1.71,1.71,1.71,1.71,200
2022-03-07 12:31:00,1.71,1.71,1.71,1.71,400
2022-03-07 12:26:00,1.71,1.71,1.71,1.71,100
2022-03-07 12:13:00,1.74,1.74,1.74,1.74,266
2022-03-07 11:32:00,1.75,1.75,1.75,1.75,100
2022-03-07 11:31:00,1.75,1.75,1.75,1.75,105
2022-03-07 11:15:00,1.765,1.765,1.765,1.765,100
2022-03-07 10:39:00,1.79,1.79,1.79,1.79,188
2022-03-07 10:34:00,1.745,1.745,1.745,1.745,300
2022-03-07 10:19:00,1.71,1.71,1.71,1.71,200
2022-03-07 09:54:00,1.7658,1.7658,1.7658,1.7658,100
2022-03-07 09:45:00,1.7208,1.7208,1.7208,1.7208,259
2022-03-07 09:44:00,1.7,1.79,1.7,1.79,3538
2022-03-07 09:37:00,1.7829,1.7829,1.7829,1.7829,500
2022-03-07 09:32:00,1.7829,1.7829,1.7829,1.7829,500
2022-03-07 09:31:00,1.75,1.75,1.75,1.75,343
2022-03-07 09:30:00,1.72,1.72,1.72,1.72,279
2022-03-07 05:08:00,1.71,1.71,1.7,1.7,1050
2022-03-07 04:53:00,1.71,1.71,1.71,1.71,1100
2022-03-04 17:34:00,1.92,1.92,1.92,1.92,100
2022-03-04 16:00:00,1.78,1.78,1.78,1.78,265
2022-03-04 15:51:00,1.79,1.79,1.79,1.79,100
2022-03-04 15:41:00,1.8,1.8,1.8,1.8,100
2022-03-04 15:35:00,1.77,1.77,1.77,1.77,448
2022-03-04 15:06:00,1.8201,1.8201,1.8201,1.8201,300
2022-03-04 15:00:00,1.89,1.89,1.89,1.89,463
2022-03-04 14:50:00,1.8,1.8,1.8,1.8,100
2022-03-04 14:47:00,1.9,1.915,1.9,1.915,248
2022-03-04 14:39:00,1.91,1.91,1.91,1.91,129
2022-03-04 13:39:00,1.83,1.83,1.83,1.83,100
2022-03-04 13:38:00,1.83,1.88,1.82,1.88,950
2022-03-04 13:37:00,1.84,1.84,1.82,1.83,700
2022-03-04 13:36:00,1.86,1.86,1.85,1.85,1050
2022-03-04 13:32:00,1.8613,1.8736,1.86,1.86,1451
2022-03-04 13:31:00,1.88,1.88,1.8601,1.87,500
2022-03-04 13:25:00,1.86,1.86,1.86,1.86,200
2022-03-04 13:20:00,1.89,1.89,1.86,1.86,1350
2022-03-04 13:19:00,1.93,1.9419,1.8801,1.9419,700
2022-03-04 13:18:00,1.9,1.9,1.9,1.9,212
2022-03-04 13:17:00,1.93,1.93,1.8711,1.8711,1400
2022-03-04 13:14:00,1.83,1.86,1.8294,1.86,3373
2022-03-04 13:13:00,1.83,1.8494,1.81,1.8494,1600
2022-03-04 13:03:00,1.8,1.83,1.8,1.83,1473
2022-03-04 12:59:00,1.9009,1.9009,1.9,1.9,1095
2022-03-04 12:58:00,1.92,1.945,1.9,1.9092,1800
2022-03-04 12:57:00,1.94,1.95,1.94,1.95,235
2022-03-04 12:56:00,1.81,1.84,1.81,1.84,700
2022-03-04 12:55:00,1.81,1.81,1.79,1.81,1920
2022-03-04 12:47:00,1.77,1.77,1.77,1.77,117
2022-03-04 12:39:00,1.77,1.77,1.77,1.77,100
2022-03-04 12:35:00,1.76,1.76,1.76,1.76,100
2022-03-04 12:33:00,1.76,1.77,1.76,1.77,300
2022-03-04 12:19:00,1.8807,1.8807,1.8807,1.8807,580
2022-03-04 12:15:00,1.8741,1.8741,1.86,1.86,300
2022-03-04 11:36:00,1.8636,1.8636,1.8636,1.8636,655
2022-03-04 11:35:00,1.84,1.84,1.84,1.84,201
2022-03-04 11:32:00,1.83,1.83,1.83,1.83,324
2022-03-04 11:29:00,1.86,1.86,1.854,1.854,600
2022-03-04 11:17:00,1.8396,1.8396,1.8396,1.8396,500
2022-03-04 11:14:00,1.89,1.89,1.89,1.89,400
2022-03-04 10:53:00,1.84,1.84,1.84,1.84,100
2022-03-04 10:27:00,1.7501,1.7501,1.7501,1.7501,150
2022-03-04 10:25:00,1.7701,1.7701,1.75,1.75,4009
2022-03-04 10:15:00,1.84,1.84,1.79,1.79,283
2022-03-04 10:00:00,1.89,1.89,1.89,1.89,263
2022-03-04 09:59:00,1.8202,1.8202,1.8202,1.8202,1441
2022-03-04 09:54:00,1.8812,1.8812,1.8812,1.8812,147
2022-03-04 09:46:00,1.89,1.89,1.89,1.89,200
2022-03-04 09:42:00,1.8785,1.8785,1.8785,1.8785,100
2022-03-04 09:39:00,1.82,1.82,1.82,1.82,195
2022-03-04 09:38:00,1.8499,1.8499,1.8499,1.8499,100
2022-03-04 09:25:00,1.8,1.8,1.8,1.8,188
2022-03-04 09:23:00,1.88,1.88,1.88,1.88,100
2022-03-04 08:58:00,1.81,1.81,1.81,1.81,1013
2022-03-03 16:17:00,2.04,2.04,2.04,2.04,101
2022-03-03 16:11:00,2.05,2.05,2.05,2.05,288
2022-03-03 16:00:00,1.91,1.91,1.83,1.83,862
2022-03-03 15:59:00,1.82,1.83,1.82,1.83,828
2022-03-03 15:58:00,1.85,1.98,1.85,1.98,254
2022-03-03 15:55:00,1.8353,1.8353,1.8353,1.8353,367
2022-03-03 15:43:00,1.82,1.82,1.82,1.82,145
2022-03-03 15:36:00,1.935,1.935,1.935,1.935,535
2022-03-03 15:09:00,1.91,1.91,1.91,1.91,150
2022-03-03 15:06:00,1.91,1.92,1.91,1.9101,690
2022-03-03 15:04:00,1.91,1.91,1.91,1.91,400
2022-03-03 14:59:00,1.91,1.91,1.91,1.91,100
2022-03-03 14:58:00,1.91,2.0,1.9001,1.91,2361
2022-03-03 14:57:00,1.91,1.91,1.9,1.91,400
2022-03-03 14:56:00,1.87,1.94,1.87,1.92,1800
2022-03-03 14:55:00,1.86,1.86,1.86,1.86,956
2022-03-03 14:54:00,1.93,1.93,1.91,1.91,600
2022-03-03 14:53:00,1.9301,1.9301,1.93,1.93,800
2022-03-03 14:52:00,1.95,1.95,1.93,1.93,2500
2022-03-03 14:51:00,1.88,1.96,1.88,1.96,1200
2022-03-03 14:50:00,1.88,1.89,1.88,1.89,2800
2022-03-03 14:49:00,1.91,1.91,1.88,1.88,1600
2022-03-03 14:48:00,1.88,1.9,1.8799,1.8799,1000
2022-03-03 14:47:00,1.89,1.89,1.8594,1.88,2744
2022-03-03 14:46:00,1.86,1.88,1.85,1.88,1400
2022-03-03 14:45:00,1.87,1.87,1.86,1.87,600
2022-03-03 14:44:00,1.91,1.91,1.9,1.9,300
2022-03-03 14:36:00,1.9301,1.9302,1.87,1.87,5673
2022-03-03 14:34:00,1.9377,1.9377,1.9377,1.9377,200
2022-03-03 13:45:00,1.87,1.87,1.87,1.87,100
2022-03-03 13:24:00,1.93,1.93,1.93,1.93,1500
2022-03-03 12:41:00,1.92,1.92,1.92,1.92,410
2022-03-03 12:31:00,1.82,1.82,1.82,1.82,100
2022-03-03 12:28:00,1.84,1.84,1.84,1.84,7258
2022-03-03 12:07:00,1.83,1.87,1.83,1.87,580
2022-03-03 11:58:00,1.875,1.875,1.875,1.875,500
2022-03-03 11:56:00,1.8718,1.8718,1.8718,1.8718,100
2022-03-03 11:47:00,1.88,1.88,1.88,1.88,500
2022-03-03 11:45:00,1.82,1.82,1.82,1.82,200
2022-03-03 11:43:00,1.82,1.82,1.82,1.82,118
2022-03-03 11:41:00,1.82,1.82,1.82,1.82,200
2022-03-03 11:38:00,1.86,1.86,1.86,1.86,107
2022-03-03 11:37:00,1.88,1.88,1.88,1.88,113
2022-03-03 11:30:00,1.8795,1.8795,1.8795,1.8795,181
2022-03-03 11:15:00,1.9,1.9,1.9,1.9,100
2022-03-03 11:05:00,1.885,1.885,1.885,1.885,190
2022-03-03 10:57:00,1.9042,1.9042,1.9042,1.9042,100
2022-03-03 10:46:00,1.86,1.9028,1.86,1.9028,214
2022-03-03 10:39:00,1.87,1.87,1.86,1.86,400
2022-03-03 10:35:00,1.88,1.88,1.88,1.88,100
2022-03-03 10:32:00,1.8645,1.8645,1.8645,1.8645,200
2022-03-03 10:31:00,1.8603,1.8603,1.8603,1.8603,500
2022-03-03 10:30:00,1.86,1.86,1.85,1.85,550
2022-03-03 10:15:00,1.885,1.885,1.8618,1.8618,250
2022-03-03 10:14:00,1.85,1.85,1.77,1.7884,861
2022-03-03 10:01:00,1.99,1.99,1.99,1.99,500
2022-03-03 10:00:00,1.99,1.99,1.99,1.99,1000
2022-03-03 09:55:00,1.99,1.99,1.99,1.99,498
2022-03-03 09:52:00,1.9911,1.9911,1.9911,1.9911,382
2022-03-03 09:46:00,1.99,1.99,1.99,1.99,309
2022-03-03 09:45:00,1.96,1.99,1.96,1.99,1610
2022-03-03 09:43:00,1.89,1.89,1.89,1.89,380
2022-03-03 09:42:00,1.9,1.9,1.875,1.89,1276
2022-03-03 09:35:00,1.9101,1.9111,1.91,1.9111,1901
2022-03-03 09:34:00,1.9,1.9,1.9,1.9,721
2022-03-03 09:31:00,2.05,2.05,2.05,2.05,202
2022-03-03 09:29:00,1.92,1.9201,1.91,1.91,735
2022-03-03 08:23:00,1.91,1.91,1.91,1.91,200
2022-03-02 19:32:00,1.89,1.89,1.89,1.89,1000
2022-03-02 17:27:00,1.8,1.8,1.8,1.8,500
2022-03-02 17:23:00,1.8,1.8,1.8,1.8,2000
2022-03-02 16:55:00,1.81,1.81,1.8,1.8,2262
2022-03-02 16:20:00,1.93,1.93,1.93,1.93,168
2022-03-02 16:11:00,1.84,1.84,1.84,1.84,400
2022-03-02 16:10:00,1.89,1.89,1.85,1.85,2672
2022-03-02 16:09:00,1.9,1.9,1.9,1.9,1629
2022-03-02 16:00:00,1.92,1.92,1.91,1.91,401
2022-03-02 15:33:00,1.9607,1.9607,1.912,1.93,700
2022-03-02 15:26:00,2.0,2.0,2.0,2.0,288
2022-03-02 14:14:00,1.91,1.9138,1.91,1.9138,1000
2022-03-02 14:13:00,1.9073,1.91,1.9073,1.91,207
2022-03-02 14:12:00,1.9081,1.9081,1.9081,1.9081,100
2022-03-02 14:07:00,1.895,1.895,1.895,1.895,1390
2022-03-02 13:19:00,1.92,1.92,1.92,1.92,200
2022-03-02 13:15:00,1.9349,1.9349,1.9349,1.9349,500
2022-03-02 13:14:00,1.92,1.92,1.92,1.92,200
2022-03-02 13:11:00,1.92,1.92,1.92,1.92,200
2022-03-02 13:10:00,1.92,1.92,1.92,1.92,200
2022-03-02 12:57:00,1.9187,1.9187,1.9187,1.9187,500
2022-03-02 12:39:00,1.9,1.91,1.9,1.91,670
2022-03-02 12:35:00,1.9441,1.9441,1.915,1.915,1000
2022-03-02 12:34:00,1.915,1.915,1.915,1.915,1050
2022-03-02 12:31:00,1.8801,1.89,1.8801,1.89,690
2022-03-02 12:28:00,1.88,1.88,1.88,1.88,2737
2022-03-02 12:27:00,1.96,1.96,1.95,1.95,2912
2022-03-02 12:26:00,1.98,1.98,1.98,1.98,227
2022-03-02 12:04:00,1.98,1.98,1.98,1.98,200
2022-03-02 11:47:00,1.9601,1.9601,1.9601,1.9601,229
2022-03-02 11:46:00,1.975,1.975,1.975,1.975,211
2022-03-02 11:41:00,1.99,1.99,1.99,1.99,100
2022-03-02 11:35:00,2.02,2.02,2.02,2.02,1000
2022-03-02 11:24:00,2.0037,2.0037,2.0037,2.0037,500
2022-03-02 11:22:00,1.96,1.96,1.96,1.96,2785
2022-03-02 11:07:00,1.9501,1.9501,1.9501,1.9501,885
2022-03-02 11:04:00,1.9501,1.9501,1.9501,1.9501,1800
2022-03-02 10:59:00,1.97,1.97,1.97,1.97,1009
2022-03-02 10:50:00,1.9501,1.9501,1.9501,1.9501,520
2022-03-02 10:31:00,1.99,1.99,1.99,1.99,204
2022-03-02 10:27:00,1.9836,1.9836,1.9836,1.9836,100
2022-03-02 10:21:00,1.9572,1.9572,1.9572,1.9572,250
2022-03-02 10:19:00,1.9928,1.9928,1.9928,1.9928,1300
2022-03-02 10:13:00,2.04,2.04,2.04,2.04,229
2022-03-02 10:07:00,2.0401,2.0401,2.04,2.04,2494
2022-03-02 10:06:00,2.0411,2.0411,2.0411,2.0411,401
2022-03-02 10:05:00,2.1,2.1,2.1,2.1,262
2022-03-02 10:04:00,2.0499,2.0995,2.04,2.0995,2419
2022-03-02 10:03:00,2.05,2.05,2.05,2.05,3010
2022-03-02 10:01:00,2.0286,2.04,2.0286,2.04,200
2022-03-02 09:59:00,2.0405,2.0405,2.0405,2.0405,102
2022-03-02 09:56:00,1.98,1.98,1.98,1.98,360
2022-03-02 09:50:00,1.9966,1.9966,1.9966,1.9966,1185
2022-03-02 09:48:00,1.99,1.99,1.98,1.98,300
2022-03-02 09:43:00,2.0,2.0,2.0,2.0,294
2022-03-02 09:38:00,1.9752,1.9752,1.9752,1.9752,1008
2022-03-02 09:37:00,2.01,2.01,1.88,1.88,2980
2022-03-02 09:35:00,1.9937,1.9937,1.9937,1.9937,500
2022-03-02 09:33:00,2.0721,2.0721,2.0721,2.0721,1000
2022-03-02 09:31:00,2.02,2.09,2.02,2.0267,1323
2022-03-02 09:23:00,2.0,2.0,2.0,2.0,100
2022-03-02 09:20:00,2.08,2.08,2.08,2.08,500
2022-03-02 09:11:00,2.1,2.1,2.1,2.1,100
2022-03-02 08:55:00,2.0,2.0,2.0,2.0,100
2022-03-02 08:01:00,2.2,2.2,2.2,2.2,100
2022-03-02 04:08:00,1.92,1.92,1.92,1.92,180
2022-03-01 19:49:00,2.01,2.01,2.01,2.01,293
2022-03-01 19:37:00,2.05,2.05,2.05,2.05,497
2022-03-01 19:26:00,2.03,2.03,2.03,2.03,500
2022-03-01 19:25:00,2.05,2.05,2.05,2.05,105
2022-03-01 19:08:00,2.05,2.05,2.05,2.05,1000
2022-03-01 18:39:00,2.03,2.03,2.03,2.03,200
2022-03-01 17:56:00,1.96,1.96,1.96,1.96,203
2022-03-01 17:28:00,2.02,2.03,2.0,2.03,1167
2022-03-01 17:06:00,2.04,2.04,2.04,2.04,193
2022-03-01 16:40:00,2.03,2.04,2.03,2.04,1650
2022-03-01 16:39:00,2.0399,2.0399,2.0399,2.0399,4938
2022-03-01 16:37:00,2.04,2.04,2.04,2.04,100
2022-03-01 16:35:00,2.02,2.02,2.02,2.02,777
2022-03-01 16:33:00,2.01,2.01,2.0,2.0,728
2022-03-01 16:32:00,2.01,2.02,2.01,2.02,1078
2022-03-01 16:31:00,2.02,2.02,2.02,2.02,100
2022-03-01 16:29:00,2.01,2.01,2.0,2.0,684
2022-03-01 16:27:00,2.05,2.05,2.0,2.0,2716
2022-03-01 16:26:00,2.06,2.06,2.05,2.06,2060
2022-03-01 16:25:00,2.08,2.08,2.08,2.08,210
2022-03-01 16:23:00,2.1,2.11,2.1,2.1,2633
2022-03-01 16:22:00,2.1,2.1,2.1,2.1,100
2022-03-01 16:21:00,2.18,2.18,2.12,2.12,3291
2022-03-01 16:20:00,2.17,2.18,2.17,2.18,355
2022-03-01 16:18:00,2.14,2.15,2.14,2.15,200
2022-03-01 16:17:00,2.12,2.12,2.11,2.11,368
2022-03-01 16:16:00,2.15,2.16,2.11,2.16,1430
2022-03-01 16:15:00,2.11,2.11,2.11,2.11,1019
2022-03-01 16:14:00,2.15,2.15,2.13,2.13,650
2022-03-01 16:13:00,2.16,2.16,2.15,2.15,1291
2022-03-01 16:12:00,2.25,2.25,2.22,2.22,1144
2022-03-01 16:11:00,2.22,2.25,2.22,2.24,2700
2022-03-01 16:10:00,2.19,2.19,2.1899,2.1899,895
2022-03-01 16:09:00,2.18,2.19,2.15,2.15,2026
2022-03-01 16:08:00,2.06,2.2,2.06,2.2,3842
2022-03-01 16:07:00,2.1,2.15,2.01,2.05,9734
2022-03-01 16:06:00,2.22,2.27,2.15,2.15,5446
2022-03-01 16:05:00,2.15,2.25,2.12,2.22,9055
2022-03-01 16:04:00,2.2,2.4,2.15,2.19,7472
2022-03-01 16:03:00,2.2,2.23,1.99,2.21,7948
2022-03-01 16:02:00,1.99,2.2,1.99,2.2,1532
2022-03-01 16:00:00,1.92,1.92,1.92,1.92,158
2022-03-01 15:59:00,1.9273,1.9273,1.9273,1.9273,1032
2022-03-01 15:58:00,1.89,1.89,1.89,1.89,100
2022-03-01 15:52:00,1.89,1.89,1.88,1.8801,2650
2022-03-01 15:47:00,1.905,1.905,1.905,1.905,273
2022-03-01 15:46:00,1.885,1.885,1.885,1.885,500
2022-03-01 15:45:00,1.89,1.89,1.88,1.885,2002
2022-03-01 15:32:00,1.8835,1.8835,1.8835,1.8835,100
2022-03-01 15:26:00,1.8878,1.8878,1.8878,1.8878,795
2022-03-01 15:12:00,1.8757,1.8757,1.8757,1.8757,500
2022-03-01 15:07:00,1.93,1.93,1.93,1.93,180
2022-03-01 14:54:00,1.8815,1.8815,1.8815,1.8815,100
2022-03-01 14:53:00,1.93,1.93,1.93,1.93,400
2022-03-01 14:49:00,1.87,1.87,1.87,1.87,110
2022-03-01 14:32:00,1.9,1.9,1.9,1.9,132
2022-03-01 14:26:00,1.89,1.89,1.89,1.89,1500
2022-03-01 14:10:00,1.89,1.89,1.89,1.89,280
2022-03-01 13:44:00,1.89,1.8989,1.89,1.8989,400
2022-03-01 13:25:00,1.9383,1.9383,1.9383,1.9383,225
2022-03-01 13:24:00,1.84,1.84,1.84,1.84,396
2022-03-01 13:20:00,1.8829,1.93,1.851,1.851,9431
2022-03-01 13:19:00,1.9119,1.93,1.88,1.88,3406
2022-03-01 13:18:00,1.9101,1.926,1.9,1.91,3500
2022-03-01 13:17:00,1.93,1.93,1.88,1.91,2808
2022-03-01 13:16:00,1.94,1.94,1.92,1.93,1066
2022-03-01 13:15:00,1.975,1.975,1.93,1.96,1196
2022-03-01 13:14:00,1.9,1.98,1.8975,1.98,3900
2022-03-01 13:13:00,1.9,1.9,1.9,1.9,750
2022-03-01 13:12:00,1.88,1.89,1.8799,1.8799,1375
2022-03-01 13:08:00,1.8799,1.8799,1.8799,1.8799,5000
2022-03-01 13:07:00,1.884,1.884,1.8711,1.8711,800
2022-03-01 13:01:00,1.8892,1.8892,1.88,1.88,325
2022-03-01 12:41:00,1.84,1.84,1.84,1.84,244
2022-03-01 12:35:00,1.83,1.83,1.83,1.83,130
2022-03-01 12:32:00,1.8899,1.89,1.8899,1.89,500
2022-03-01 12:19:00,1.83,1.83,1.83,1.83,125
2022-03-01 12:14:00,1.83,1.83,1.83,1.83,301
2022-03-01 12:09:00,1.85,1.85,1.85,1.85,550
2022-03-01 12:07:00,1.8893,1.8893,1.8893,1.8893,500
2022-03-01 12:03:00,1.83,1.8388,1.81,1.8388,524
2022-03-01 11:59:00,1.89,1.89,1.89,1.89,201
2022-03-01 11:58:00,1.89,1.895,1.89,1.895,3054
2022-03-01 11:57:00,1.91,1.91,1.89,1.89,3415
2022-03-01 11:56:00,1.9196,1.9196,1.9,1.9,1012
2022-03-01 11:55:00,1.9799,1.9799,1.9,1.9,5227
2022-03-01 11:52:00,1.9601,1.9795,1.8938,1.9005,3458
2022-03-01 11:51:00,1.91,1.9799,1.8691,1.9799,700
2022-03-01 11:50:00,1.9399,1.94,1.86,1.86,4233
2022-03-01 11:49:00,1.9299,1.94,1.8238,1.94,4215
2022-03-01 11:48:00,1.8299,1.99,1.8294,1.87,20921
2022-03-01 11:47:00,1.8,1.83,1.79,1.83,6981
2022-03-01 11:46:00,1.7999,1.7999,1.7999,1.7999,10001
2022-03-01 11:25:00,1.731,1.731,1.731,1.731,111
2022-03-01 10:39:00,1.7929,1.7929,1.7929,1.7929,569
2022-03-01 10:38:00,1.76,1.76,1.76,1.76,502
2022-03-01 10:37:00,1.786,1.786,1.786,1.786,500
2022-03-01 10:24:00,1.7929,1.7929,1.7929,1.7929,500
2022-03-01 10:22:00,1.72,1.72,1.72,1.72,223
2022-03-01 10:09:00,1.76,1.76,1.76,1.76,100
2022-03-01 10:08:00,1.82,1.82,1.82,1.82,104
2022-03-01 09:59:00,1.8125,1.8125,1.8125,1.8125,260
2022-03-01 09:53:00,1.76,1.76,1.76,1.76,160
2022-03-01 09:49:00,1.7563,1.7563,1.7563,1.7563,503
2022-03-01 09:40:00,1.756,1.756,1.756,1.756,588
2022-03-01 09:36:00,1.83,1.83,1.83,1.83,150
2022-03-01 09:31:00,1.79,1.79,1.79,1.79,157
2022-03-01 08:44:00,1.74,1.74,1.74,1.74,500
2022-02-28 16:25:00,1.79,1.79,1.79,1.79,100
2022-02-28 16:17:00,1.8,1.8,1.8,1.8,500
2022-02-28 16:00:00,1.72,1.72,1.72,1.72,189
2022-02-28 15:59:00,1.784,1.784,1.784,1.784,102
2022-02-28 15:22:00,1.76,1.76,1.76,1.76,588
2022-02-28 15:21:00,1.7202,1.7202,1.7202,1.7202,1038
2022-02-28 15:00:00,1.76,1.76,1.76,1.76,201
2022-02-28 14:54:00,1.76,1.7612,1.76,1.7612,472
2022-02-28 14:41:00,1.78,1.78,1.78,1.78,1000
2022-02-28 14:37:00,1.7601,1.7601,1.7601,1.7601,500
2022-02-28 13:55:00,1.7899,1.7899,1.7899,1.7899,500
2022-02-28 13:50:00,1.79,1.79,1.79,1.79,1500
2022-02-28 13:49:00,1.7821,1.7874,1.7821,1.7874,1000
2022-02-28 13:48:00,1.77,1.77,1.7,1.7,1024
2022-02-28 13:46:00,1.7858,1.788,1.7858,1.788,1001
2022-02-28 13:23:00,1.794,1.794,1.794,1.794,200
2022-02-28 12:42:00,1.79,1.79,1.79,1.79,1032
2022-02-28 12:24:00,1.79,1.79,1.79,1.79,611
2022-02-28 12:15:00,1.85,1.85,1.85,1.85,100
2022-02-28 12:12:00,1.85,1.85,1.85,1.85,100
2022-02-28 12:06:00,1.81,1.81,1.77,1.81,2787
2022-02-28 12:03:00,1.8,1.81,1.7946,1.81,4302
2022-02-28 11:24:00,1.7972,1.7972,1.7972,1.7972,501
2022-02-28 11:15:00,1.77,1.77,1.77,1.77,767
2022-02-28 11:09:00,1.81,1.81,1.81,1.81,1000
2022-02-28 11:04:00,1.7753,1.7753,1.7753,1.7753,201
2022-02-28 10:53:00,1.7706,1.7706,1.7706,1.7706,1000
2022-02-28 10:25:00,1.81,1.81,1.81,1.81,1000
2022-02-28 10:19:00,1.78,1.78,1.78,1.78,119
2022-02-28 10:18:00,1.78,1.78,1.78,1.78,120
2022-02-28 10:17:00,1.7001,1.7001,1.7001,1.7001,100
2022-02-28 10:07:00,1.7433,1.7433,1.7433,1.7433,101
2022-02-28 10:04:00,1.78,1.78,1.78,1.78,500
2022-02-28 10:00:00,1.82,1.82,1.82,1.82,110
2022-02-28 09:55:00,1.7572,1.7572,1.7572,1.7572,100
2022-02-28 09:50:00,1.75,1.75,1.75,1.75,150
2022-02-28 09:43:00,1.77,1.77,1.77,1.77,1791
2022-02-28 09:38:00,1.78,1.78,1.78,1.78,200
2022-02-28 09:35:00,1.78,1.78,1.78,1.78,146
2022-02-28 09:31:00,1.77,1.77,1.77,1.77,142
2022-02-28 08:11:00,1.77,1.77,1.77,1.77,584
2022-02-28 06:29:00,1.75,1.76,1.75,1.76,200
2022-02-25 16:00:00,1.77,1.77,1.7,1.7,457
2022-02-25 15:51:00,1.745,1.745,1.745,1.745,200
2022-02-25 15:46:00,1.7642,1.7642,1.7642,1.7642,3600
2022-02-25 15:44:00,1.79,1.79,1.79,1.79,400
2022-02-25 15:42:00,1.79,1.79,1.79,1.79,525
2022-02-25 15:35:00,1.79,1.79,1.79,1.79,400
2022-02-25 14:41:00,1.7,1.7,1.6804,1.6804,800
2022-02-25 13:42:00,1.73,1.73,1.73,1.73,121
2022-02-25 13:17:00,1.73,1.73,1.73,1.73,334
2022-02-25 13:16:00,1.73,1.73,1.73,1.73,422
2022-02-25 13:15:00,1.73,1.73,1.73,1.73,100
2022-02-25 13:12:00,1.73,1.73,1.73,1.73,1000
2022-02-25 13:07:00,1.74,1.74,1.73,1.73,900
2022-02-25 13:06:00,1.74,1.74,1.74,1.74,100
2022-02-25 13:03:00,1.7401,1.75,1.7401,1.75,200
2022-02-25 13:02:00,1.73,1.73,1.73,1.73,126
2022-02-25 13:00:00,1.73,1.73,1.73,1.73,200
2022-02-25 12:59:00,1.73,1.77,1.73,1.73,2000
2022-02-25 12:58:00,1.69,1.73,1.69,1.73,700
2022-02-25 12:57:00,1.68,1.69,1.68,1.69,1303
2022-02-25 12:56:00,1.76,1.79,1.73,1.73,1584
2022-02-25 12:55:00,1.75,1.76,1.73,1.7373,900
2022-02-25 12:54:00,1.73,1.7307,1.73,1.73,1000
2022-02-25 12:53:00,1.75,1.75,1.73,1.7301,500
2022-02-25 12:52:00,1.76,1.76,1.7406,1.7406,500
2022-02-25 12:49:00,1.78,1.78,1.78,1.78,100
2022-02-25 12:48:00,1.7641,1.7641,1.75,1.75,725
2022-02-25 12:47:00,1.75,1.7601,1.74,1.7601,2134
2022-02-25 12:46:00,1.75,1.75,1.74,1.74,1434
2022-02-25 12:45:00,1.74,1.75,1.74,1.75,1634
2022-02-25 12:44:00,1.75,1.76,1.73,1.74,574
2022-02-25 12:43:00,1.73,1.75,1.7,1.75,754
2022-02-25 12:42:00,1.7,1.7,1.69,1.699,2387
2022-02-25 12:40:00,1.7,1.7,1.7,1.7,212
2022-02-25 12:39:00,1.7,1.72,1.7,1.72,2208
2022-02-25 12:38:00,1.72,1.72,1.7,1.7,200
2022-02-25 12:37:00,1.72,1.72,1.72,1.72,300
2022-02-25 12:36:00,1.72,1.72,1.72,1.72,500
2022-02-25 12:35:00,1.72,1.72,1.71,1.71,929
2022-02-25 12:31:00,1.7199,1.7199,1.7199,1.7199,3601
2022-02-25 12:14:00,1.715,1.715,1.715,1.715,100
2022-02-25 12:08:00,1.715,1.715,1.715,1.715,100
2022-02-25 12:07:00,1.7289,1.7289,1.7289,1.7289,102
2022-02-25 11:44:00,1.71,1.71,1.71,1.71,100
2022-02-25 11:43:00,1.73,1.73,1.71,1.71,400
2022-02-25 11:39:00,1.75,1.75,1.75,1.75,117
2022-02-25 11:38:00,1.69,1.74,1.69,1.74,1853
2022-02-25 11:37:00,1.7,1.7,1.7,1.7,102
2022-02-25 11:36:00,1.69,1.69,1.69,1.69,1009
2022-02-25 11:35:00,1.68,1.69,1.68,1.69,700
2022-02-25 11:34:00,1.68,1.69,1.68,1.69,1200
2022-02-25 11:33:00,1.685,1.685,1.67,1.68,907
2022-02-25 11:32:00,1.69,1.69,1.69,1.69,110
2022-02-25 11:31:00,1.69,1.69,1.69,1.69,154
2022-02-25 11:30:00,1.68,1.7,1.68,1.7,302
2022-02-25 11:27:00,1.74,1.74,1.74,1.74,155
2022-02-25 11:26:00,1.75,1.75,1.74,1.74,790
2022-02-25 11:25:00,1.76,1.76,1.76,1.76,341
2022-02-25 11:24:00,1.66,1.74,1.66,1.74,416
2022-02-25 11:23:00,1.68,1.68,1.67,1.67,300
2022-02-25 11:22:00,1.62,1.62,1.62,1.62,404
2022-02-25 11:21:00,1.67,1.67,1.67,1.67,201
2022-02-25 10:46:00,1.79,1.8,1.79,1.7999,1100
2022-02-25 10:38:00,1.79,1.79,1.79,1.79,500
2022-02-25 10:35:00,1.79,1.79,1.79,1.79,500
2022-02-25 10:32:00,1.705,1.705,1.705,1.705,100
2022-02-25 10:31:00,1.705,1.705,1.705,1.705,100
2022-02-25 10:13:00,1.79,1.79,1.79,1.79,100
2022-02-25 09:32:00,1.79,1.79,1.79,1.79,505
2022-02-25 09:31:00,1.72,1.72,1.72,1.72,214
2022-02-24 18:36:00,1.7,1.7001,1.6,1.6001,1472
2022-02-24 16:31:00,1.71,1.71,1.71,1.71,150
2022-02-24 16:00:00,1.71,1.71,1.7,1.7,575
2022-02-24 15:32:00,1.8,1.8,1.8,1.8,550
2022-02-24 15:28:00,1.79,1.8,1.79,1.7946,1209
2022-02-24 15:18:00,1.7122,1.7122,1.7122,1.7122,205
2022-02-24 15:03:00,1.75,1.75,1.75,1.75,350
2022-02-24 14:57:00,1.7999,1.7999,1.7999,1.7999,500
2022-02-24 14:41:00,1.7436,1.7436,1.7436,1.7436,200
2022-02-24 14:38:00,1.75,1.75,1.73,1.73,488
2022-02-24 14:18:00,1.725,1.725,1.71,1.725,300
2022-02-24 14:02:00,1.7001,1.7001,1.7001,1.7001,400
2022-02-24 13:55:00,1.72,1.73,1.72,1.72,1255
2022-02-24 13:54:00,1.7199,1.7199,1.7199,1.7199,100
2022-02-24 13:51:00,1.72,1.72,1.72,1.72,131
2022-02-24 13:50:00,1.695,1.695,1.695,1.695,2000
2022-02-24 13:38:00,1.68,1.695,1.68,1.695,2068
2022-02-24 13:21:00,1.6701,1.6701,1.6701,1.6701,100
2022-02-24 13:16:00,1.67,1.67,1.67,1.67,717
2022-02-24 13:03:00,1.642,1.68,1.64,1.68,609
2022-02-24 12:47:00,1.6727,1.6727,1.6727,1.6727,100
2022-02-24 12:45:00,1.64,1.641,1.64,1.641,600
2022-02-24 12:42:00,1.6799,1.6799,1.6463,1.6463,222
2022-02-24 12:31:00,1.64,1.64,1.64,1.64,200
2022-02-24 12:25:00,1.64,1.66,1.64,1.66,1229
2022-02-24 12:24:00,1.65,1.6502,1.65,1.6502,1500
2022-02-24 12:16:00,1.65,1.65,1.65,1.65,200
2022-02-24 12:05:00,1.6645,1.6645,1.6645,1.6645,900
2022-02-24 12:03:00,1.68,1.68,1.68,1.68,744
2022-02-24 12:02:00,1.6735,1.6735,1.6735,1.6735,102
2022-02-24 11:50:00,1.68,1.6802,1.65,1.68,2226
2022-02-24 11:48:00,1.685,1.685,1.685,1.685,272
2022-02-24 11:46:00,1.6811,1.6811,1.6811,1.6811,100
2022-02-24 11:45:00,1.685,1.685,1.685,1.685,249
2022-02-24 11:42:00,1.68,1.68,1.68,1.68,126
2022-02-24 11:39:00,1.68,1.68,1.68,1.68,100
2022-02-24 10:48:00,1.64,1.64,1.64,1.64,200
2022-02-24 10:46:00,1.68,1.68,1.68,1.68,270
2022-02-24 10:44:00,1.6834,1.6834,1.6834,1.6834,514
2022-02-24 10:34:00,1.72,1.72,1.72,1.72,195
2022-02-24 10:30:00,1.7299,1.7299,1.7299,1.7299,301
2022-02-24 10:29:00,1.705,1.705,1.705,1.705,250
2022-02-24 10:21:00,1.6801,1.6812,1.68,1.6812,5272
2022-02-24 10:19:00,1.705,1.705,1.705,1.705,110
2022-02-24 10:17:00,1.6845,1.6845,1.6845,1.6845,490
2022-02-24 10:08:00,1.724,1.724,1.724,1.724,250
2022-02-24 09:52:00,1.68,1.68,1.68,1.68,200
2022-02-24 09:50:00,1.69,1.69,1.69,1.69,100
2022-02-24 09:49:00,1.6,1.6,1.6,1.6,408
2022-02-24 09:47:00,1.63,1.64,1.63,1.64,4000
2022-02-24 09:45:00,1.64,1.64,1.64,1.64,177
2022-02-24 09:44:00,1.6235,1.6235,1.6235,1.6235,222
2022-02-24 09:43:00,1.64,1.64,1.64,1.64,168
2022-02-24 09:42:00,1.65,1.65,1.65,1.65,513
2022-02-24 09:40:00,1.7297,1.7297,1.7297,1.7297,300
2022-02-24 09:37:00,1.65,1.65,1.64,1.64,1071
2022-02-24 09:35:00,1.63,1.63,1.63,1.63,151
2022-02-24 09:33:00,1.64,1.64,1.64,1.64,143
2022-02-24 09:32:00,1.6235,1.6235,1.6235,1.6235,272
2022-02-24 09:31:00,1.67,1.67,1.67,1.67,103
2022-02-24 06:58:00,1.65,1.65,1.65,1.65,100
2022-02-23 16:18:00,1.8,1.8,1.8,1.8,3201
2022-02-23 15:26:00,1.8,1.8,1.8,1.8,185
2022-02-23 15:00:00,1.78,1.78,1.78,1.78,422
2022-02-23 14:49:00,1.7991,1.7991,1.7991,1.7991,200
2022-02-23 14:43:00,1.7999,1.7999,1.7999,1.7999,500
2022-02-23 14:38:00,1.76,1.78,1.76,1.78,411
2022-02-23 14:34:00,1.771,1.771,1.771,1.771,1957
2022-02-23 14:28:00,1.76,1.76,1.76,1.76,2800
2022-02-23 14:19:00,1.8,1.8,1.8,1.8,500
2022-02-23 12:43:00,1.7973,1.7973,1.7973,1.7973,500
2022-02-23 12:32:00,1.7951,1.7951,1.7951,1.7951,264
2022-02-23 12:30:00,1.78,1.78,1.78,1.78,100
2022-02-23 12:02:00,1.815,1.815,1.815,1.815,500
2022-02-23 11:58:00,1.7502,1.7502,1.7502,1.7502,4600
2022-02-23 11:56:00,1.84,1.84,1.84,1.84,253
2022-02-23 11:39:00,1.7603,1.7603,1.7603,1.7603,132
2022-02-23 11:24:00,1.815,1.815,1.815,1.815,100
2022-02-23 11:23:00,1.76,1.76,1.76,1.76,398
2022-02-23 11:10:00,1.815,1.815,1.815,1.815,100
2022-02-23 10:54:00,1.88,1.88,1.88,1.88,252
2022-02-23 10:49:00,1.8685,1.8685,1.8685,1.8685,300
2022-02-23 10:41:00,1.7514,1.7514,1.7514,1.7514,212
2022-02-23 10:40:00,1.7608,1.7608,1.7608,1.7608,550
2022-02-23 10:39:00,1.82,1.8899,1.82,1.8899,980
2022-02-23 10:19:00,1.87,1.87,1.87,1.87,1000
2022-02-23 10:18:00,1.87,1.87,1.87,1.87,309
2022-02-23 10:16:00,1.87,1.87,1.87,1.87,200
2022-02-23 10:11:00,1.8,1.8,1.79,1.79,713
2022-02-23 10:07:00,1.82,1.82,1.79,1.79,2650
2022-02-23 09:59:00,1.9446,1.9446,1.9446,1.9446,264
2022-02-23 09:43:00,1.89,1.89,1.89,1.89,170
2022-02-23 09:41:00,1.84,1.84,1.84,1.84,292
2022-02-23 08:27:00,1.89,1.89,1.89,1.89,100
2022-02-22 15:55:00,1.8101,1.82,1.8101,1.82,1015
2022-02-22 15:52:00,1.85,1.85,1.85,1.85,350
2022-02-22 14:42:00,1.8799,1.8799,1.8799,1.8799,1000
2022-02-22 14:35:00,1.8095,1.88,1.8095,1.88,575
2022-02-22 13:52:00,1.85,1.85,1.85,1.85,146
2022-02-22 13:39:00,1.85,1.85,1.85,1.85,190
2022-02-22 13:36:00,1.83,1.84,1.83,1.84,264
2022-02-22 13:34:00,1.84,1.84,1.84,1.84,291
2022-02-22 13:26:00,1.81,1.81,1.81,1.81,200
2022-02-22 13:13:00,1.8,1.8,1.8,1.8,683
2022-02-22 13:08:00,1.8405,1.8405,1.84,1.84,1100
2022-02-22 13:06:00,1.84,1.84,1.84,1.84,400
2022-02-22 13:00:00,1.84,1.84,1.84,1.84,258
2022-02-22 12:45:00,1.8401,1.8401,1.8401,1.8401,3000
2022-02-22 12:41:00,1.84,1.84,1.84,1.84,200
2022-02-22 12:39:00,1.84,1.8409,1.84,1.8409,400
2022-02-22 12:30:00,1.84,1.84,1.84,1.84,149
2022-02-22 12:25:00,1.84,1.84,1.84,1.84,200
2022-02-22 12:24:00,1.85,1.85,1.82,1.82,425
2022-02-22 12:11:00,1.86,1.86,1.86,1.86,100
2022-02-22 12:08:00,1.86,1.86,1.85,1.85,200
2022-02-22 12:07:00,1.88,1.88,1.88,1.88,1242
2022-02-22 12:06:00,1.85,1.85,1.85,1.85,200
2022-02-22 12:04:00,1.85,1.85,1.85,1.85,142
2022-02-22 12:00:00,1.86,1.86,1.85,1.85,500
2022-02-22 11:59:00,1.85,1.86,1.85,1.86,509
2022-02-22 11:58:00,1.82,1.83,1.82,1.83,1200
2022-02-22 11:57:00,1.82,1.82,1.82,1.82,110
2022-02-22 11:54:00,1.85,1.85,1.81,1.81,486
2022-02-22 11:53:00,1.89,1.89,1.85,1.85,1902
2022-02-22 11:52:00,1.85,1.85,1.84,1.84,572
2022-02-22 11:51:00,1.87,1.87,1.85,1.85,938
2022-02-22 11:50:00,1.87,1.88,1.86,1.88,438
2022-02-22 11:49:00,1.81,1.85,1.81,1.85,2327
2022-02-22 11:48:00,1.8,1.82,1.8,1.82,856
2022-02-22 11:47:00,1.78,1.8,1.78,1.8,1300
2022-02-22 11:46:00,1.7801,1.8,1.7801,1.8,425
2022-02-22 11:43:00,1.8,1.81,1.8,1.81,2528
2022-02-22 11:42:00,1.8,1.8,1.8,1.8,100
2022-02-22 11:38:00,1.825,1.825,1.825,1.825,133
2022-02-22 11:34:00,1.8054,1.8054,1.8054,1.8054,256
2022-02-22 11:29:00,1.825,1.825,1.825,1.825,113
2022-02-22 11:22:00,1.8035,1.809,1.8027,1.8027,300
2022-02-22 11:19:00,1.84,1.84,1.84,1.84,300
2022-02-22 11:08:00,1.84,1.84,1.84,1.84,101
2022-02-22 11:04:00,1.8358,1.8358,1.8358,1.8358,150
2022-02-22 11:00:00,1.85,1.85,1.85,1.85,102
2022-02-22 10:40:00,1.8961,1.8961,1.8961,1.8961,2650
2022-02-22 10:39:00,1.808,1.808,1.808,1.808,615
2022-02-22 10:37:00,1.87,1.87,1.87,1.87,200
2022-02-22 10:36:00,1.89,1.9,1.89,1.9,400
2022-02-22 10:21:00,1.87,1.87,1.87,1.87,100
2022-02-22 10:16:00,1.8199,1.82,1.8199,1.82,1084
2022-02-22 10:15:00,1.8,1.8,1.8,1.8,580
2022-02-22 10:13:00,1.7822,1.7822,1.7822,1.7822,1200
2022-02-22 10:09:00,1.8196,1.8196,1.8196,1.8196,190
2022-02-22 10:07:00,1.8,1.8,1.8,1.8,2821
2022-02-22 10:00:00,1.82,1.82,1.82,1.82,2025
2022-02-22 09:55:00,1.8158,1.8158,1.8158,1.8158,157
2022-02-22 09:51:00,1.8193,1.8193,1.8193,1.8193,500
2022-02-22 09:50:00,1.8163,1.8163,1.8163,1.8163,200
2022-02-22 09:48:00,1.819,1.819,1.819,1.819,511
2022-02-22 09:40:00,1.82,1.82,1.8,1.8,706
2022-02-22 09:39:00,1.81,1.81,1.79,1.81,1675
2022-02-22 09:37:00,1.82,1.82,1.82,1.82,101
2022-02-22 09:36:00,1.85,1.852,1.85,1.852,202
2022-02-22 09:32:00,1.85,1.85,1.85,1.85,462
2022-02-22 09:31:00,1.94,1.94,1.81,1.81,1025
